[
    {
        "Condition": {
            "KeyPrefixEquals": "auth/"
        },
        "Redirect": {
            "ReplaceKeyWith": "index.html"
        }
    },
    {
        "Condition": {
            "KeyPrefixEquals": "dashboard/"
        },
        "Redirect": {
            "ReplaceKeyWith": "index.html"
        }
    },
    {
        "Condition": {
            "HttpErrorCodeReturnedEquals": "404"
        },
        "Redirect": {
            "ReplaceKeyWith": "index.html"
        }
    }
]

